feature,importance
interest_rate,0.1195016599858136
annual_income,0.117664889698062
loan_amount,0.11668914638887158
dti,0.11372869245961269
credit_score,0.09967835192136297
age,0.08806795728047248
emp_length_years,0.07224830481076881
num_open_accounts,0.05988638034272571
delinquencies_2yrs,0.02836782213656384
term_months,0.01506062275547628
home_ownership_RENT,0.01471611818664684
purpose_debt_consolidation,0.014713728801536279
home_ownership_OWN,0.014200084209928516
purpose_credit_card,0.014171573556016859
home_ownership_MORTGAGE,0.013006140589693033
credit_band_fair,0.011391409033243862
credit_band_poor,0.010252804932092473
credit_band_good,0.010090173958380246
purpose_small_business,0.008706667504760717
purpose_home_improvement,0.00790035279712881
purpose_other,0.007591574828829056
dti_band_medium,0.007508791249413431
dti_band_high,0.007454476251199062
credit_band_very_poor,0.007195160747682122
home_ownership_OTHER,0.004676012335164027
dti_band_very_high,0.004183514711389611
dti_band_low,0.004017291051838572
credit_band_excellent,0.0036681079249881333
purpose_major_purchase,0.0036621895503384833
