loan_id,loan_amount,interest_rate,annual_income,credit_score,dti,credit_band,dti_band,is_default,prob_default_sim
1,17795,9.27,45804.22,650.0,18.22,fair,medium,0,0.016596951842961973
2,2860,6.6,112369.94,729.0,19.65,good,medium,0,0.00753375060661038
3,40158,11.71,107886.37,596.0,22.62,very_poor,high,0,0.04776403118096889
4,46732,18.75,97238.91,692.0,5.83,fair,low,0,0.023970708311790094
5,13284,10.17,72454.99,717.0,19.29,good,medium,0,0.011360133065291546
6,8265,9.53,85826.08,725.0,28.6,good,high,0,0.022883271051343537
7,18850,11.31,58604.79,641.0,14.46,poor,medium,0,0.01737662493377461
8,39194,19.07,59253.31,659.0,29.26,fair,high,0,0.06086962684464871
9,23962,15.15,29997.67,705.0,5.46,good,low,0,0.018077221557512204
10,49191,16.86,58885.14,611.0,32.51,poor,high,1,0.09719564174251669
